NumPrey,NumPredators,Buckets,Observation,Think,Move,Cleanup,Total,Check_total
1,0,22.675,0.745,0,0,0,24.505,23.42
2,0,30.205,12.92,0.015,0.005,0,44.755,43.145
4,0,40.935,3.115,0.485,0.02,0,46.445,44.555
8,0,41.77,7.065,2,0.015,0,52.06,50.85
16,0,40.625,14.285,3.025,1.01,0,61.04,58.945
32,0,40.655,28.5,7.08,2.115,0,80.63,78.35
64,0,42.04,57.555,15.06,5.005,0,121.545,119.66
128,0,38.365,121.075,30.72,10.585,0,202.665,200.745
256,0,33.605,274.915,61.875,21.865,0,394.16,392.26
512,0,103.745,600.255,124.97,45.135,0.055,876.26,874.16
1024,0,171.35,1253.04,250.055,95.775,1.025,1773.15,1771.24
2048,0,291.09,2587.53,501.91,201.86,2.015,3586.45,3584.41
4096,0,542.15,5379.23,1000.96,393.94,4.12,7322.58,7320.39
8192,0,818.145,11661,2007.07,777.725,8.615,15274.6,15272.5
16384,0,859.375,26590.4,4007.1,1533.07,17.46,33009.5,33007.4
