Generation,PreyFitness,PredatorFitness
1,6689.57,6000
2,6978.15,5333.33
3,7659.35,5666.67
4,7975.55,6000
5,6911.29,5666.67
6,5785.39,6333.33
7,7855.64,6333.33
8,7908.56,7000
9,7233.22,6333.33
10,7525.2,6333.33
11,8366.23,7000
12,7121.69,7000
13,7733.84,7000
14,7772.75,7000
15,8131.17,7333.33
16,8826.53,6333.33
17,8478.09,7000
18,8365.68,7333.33
19,8621.11,7000
20,8613.66,7666.67
21,8940.5,7000
22,8656.09,7666.67
23,9411.58,7000
24,9340.66,8000
25,9467.32,8000
26,10550.2,8666.67
27,10208.8,7333.33
28,9543.33,7333.33
29,9805.88,7333.33
30,9567.58,8666.67
31,7759.67,7000
32,10342.3,8666.67
33,9684.34,8333.33
34,9462.74,8666.67
35,8836.63,7666.67
36,10824.4,9000
37,9976.62,10000
38,10466.1,9000
39,9515.25,8666.67
40,9089.79,8333.33
41,9711.45,8666.67
42,9823.37,8333.33
1,5339.76,5333.33
1,5887.43,4666.67
2,5441.25,4333.33
3,5634.37,4333.33
4,5400.81,4666.67
5,4753.4,4666.67
6,5318.2,4333.33
7,5946.13,4666.67
8,5923.47,5333.33
9,6083.79,4666.67
10,6000.41,4666.67
11,6118.24,5000
12,6257.92,5333.33
13,6474.7,4666.67
14,6537.82,5000
15,6625.13,5000
16,6732.13,4000
17,6231.09,4666.67
18,7127.82,4666.67
1,5416.37,4333.33
1,6755.68,6333.33
2,7386.02,6000
1,6366.52,6000
2,6234.99,6333.33
1,4714.4,4000
1,4722.17,4000
1,5488.31,5666.67
1,0,0
1,6492.44,5333.33
2,5832.67,5333.33
3,6145.64,5000
4,7427.33,5333.33
5,4754.07,4666.67
6,5847.15,4666.67
7,4931.76,5333.33
8,6495.84,5666.67
9,4679.58,5000
10,5890.16,6000
11,6674.69,5333.33
12,7248.94,4666.67
13,6050.38,4666.67
14,7775.5,5666.67
15,4865.59,4666.67
16,6747.56,6000
17,4636.26,4666.67
18,4667.48,6666.67
19,5005.67,4666.67
20,7695.07,4333.33
21,7851.94,4333.33
22,4548.33,4666.67
23,4633.54,5000
24,6028.63,5000
25,4189.16,4333.33
26,5735.7,5333.33
27,4339.17,5000
28,4235.76,4666.67
29,4108.01,5000
30,4402.73,4666.67
31,4192.61,4666.67
32,6364.51,5333.33
33,4133.64,4666.67
34,4495.44,5000
35,4507.25,5000
36,4736.82,4333.33
37,4239.29,4666.67
38,4370.27,4000
39,7862.56,7000
40,4098.32,4666.67
41,4223.46,4333.33
42,4118.88,4333.33
43,4059.34,4333.33
44,4142.52,5000
45,4230.58,4666.67
46,4205.44,5333.33
47,4064.66,4666.67
48,4225.76,5000
49,3985.55,4666.67
50,4326.64,4666.67
51,4167.89,4666.67
52,4029.18,4333.33
53,4130.93,4666.67
54,4199.08,4666.67
55,4327.81,4333.33
56,4335.52,5000
57,4265.09,4000
58,4118.74,4666.67
59,4019.84,4333.33
60,4294.37,4000
61,3980.28,4333.33
62,4101.31,4333.33
63,4169.49,4666.67
